{
  "name": "@fabric-msft/svg-icons",
  "entries": [
    {
      "date": "Sun, 24 Nov 2025",
      "version": "6.0.1",
      "tag": "@fabric-msft/svg-icons_v6.0.1",
      "comments": {
        "patch": [
          {
            "author": "ryan@ryanmerrill.net",
            "package": "@fabric-msft/svg-icons",
            "comment": "Enable tree-shaking support by outputting individual ESM modules instead of a single bundled file. Consumers importing individual icons will now only include those icons in their bundle (~4KB each) instead of the entire library (3.3MB). No API changes."
          }
        ]
      }
    },
    {
      "date": "Thu, 02 Oct 2025 16:21:59 GMT",
      "version": "6.0.0",
      "tag": "@fabric-msft/svg-icons_v6.0.0",
      "comments": {
        "major": [
          {
            "author": "ryan@ryanmerrill.net",
            "package": "@fabric-msft/svg-icons",
            "commit": "c7a4464756119c80fc4126b943c80f314756500d",
            "comment": "Updates icons\n\nAdded:\n- Database Multiple Arrow / 20, 24, 32 / Filled & Regular\n- Mobile report / 20, 24, 32, 40, 48, 64 / Item\n- Workload sample / 32 / Filled, Regular, Color\n- Graph model instance / 20, 24, 32, 40, 48, 64 / Item\n- Graph model instance queryset / 20, 24, 32, 40, 48, 64 / Item\n- Operations agent / 20, 24, 32, 40, 48, 64 / Item\n- Custom streaming connector / 20, 24, 32, 40, 48, 64 / Item\n- Graph intelligence / 16, 20, 24, 28, 32, 48 / Filled, Regular, Color\n- Briefcase Pulse / 16, 20, 24 / Filled & Regular\n- Calendar Month Toolbox / 20 / Filled & Regular\n\nChanged:\n- Variable library / 20, 24, 32, 40, 48, 64 / Item\n\nFixed:\n- Regenerates and updates all SVGs to better optimize and improve performance"
          }
        ]
      }
    },
    {
      "date": "Tue, 30 Sep 2025 20:35:43 GMT",
      "version": "6.0.1-beta.0",
      "tag": "@fabric-msft/svg-icons_v6.0.1-beta.0",
      "comments": {
        "major": [
          {
            "author": "ryan@ryanmerrill.net",
            "package": "@fabric-msft/svg-icons",
            "commit": "3f892adedb9a02679a2337d2000a4a41c3a61614",
            "comment": "Updates icons\n\nAdded:\n- Azure AI Search / 20, 32 / Regular\n- Workbook / 20, 24, 32, 40, 48, 64 / Item\n- Google Cloud Platform (GCP) / 20, 24, 32\n- Oracle / 20, 24, 32\n- MongoDB / 20, 24, 32\n- Model Context Protocol (MCP) / 16, 20, 24, 32, 48\n- Columnpages / 12, 16, 20, 24 / Filled & Regular\n- Rowpages / 12, 16, 20, 24 / Filled & Regular\n- Mirrored Dataverse / 20, 24, 32, 40, 48, 64 / Item\n- Mirrored SAP / 20, 24, 32, 40, 48, 64 / Item\n- Mirrored Azure SQL Managed Instance / 20, 24, 32, 40, 48, 64 / Item\n- Anomaly detector / 20, 24, 32, 40, 48, 64 / Item\n- Business event topic / 20, 24, 32, 40, 48, 64 / Item\n- Maps / 20, 24, 32, 40, 48, 64 / Item\n- User-assigned identity / 20, 24, 32, 40, 48, 64 / Item\n- Audience / 20, 24, 32, 40, 48, 64 / Item\n\nFixed:\n- Regenerates and updates all SVGs to better optimize and improve performance"
          }
        ]
      }
    },
    {
      "date": "Tue, 30 Sep 2025 20:32:47 GMT",
      "version": "6.0.1-beta.0",
      "tag": "@fabric-msft/svg-icons_v6.0.1-beta.0",
      "comments": {
        "major": [
          {
            "author": "ryan@ryanmerrill.net",
            "package": "@fabric-msft/svg-icons",
            "commit": "43974041ac033125c7f7bf0a4ea8055016bf24a1",
            "comment": "Updates icons\n\nAdded:\n- Azure AI Search / 20, 32 / Regular\n- Workbook / 20, 24, 32, 40, 48, 64 / Item\n- Google Cloud Platform (GCP) / 20, 24, 32\n- Oracle / 20, 24, 32\n- MongoDB / 20, 24, 32\n- Model Context Protocol (MCP) / 16, 20, 24, 32, 48\n- Columnpages / 12, 16, 20, 24 / Filled & Regular\n- Rowpages / 12, 16, 20, 24 / Filled & Regular\n- Mirrored Dataverse / 20, 24, 32, 40, 48, 64 / Item\n- Mirrored SAP / 20, 24, 32, 40, 48, 64 / Item\n- Mirrored Azure SQL Managed Instance / 20, 24, 32, 40, 48, 64 / Item\n- Anomaly detector / 20, 24, 32, 40, 48, 64 / Item\n- Business event topic / 20, 24, 32, 40, 48, 64 / Item\n- Maps / 20, 24, 32, 40, 48, 64 / Item\n- User-assigned identity / 20, 24, 32, 40, 48, 64 / Item\n- Audience / 20, 24, 32, 40, 48, 64 / Item\n\nFixed:\n- Regenerates and updates all SVGs to better optimize and improve performance"
          },
          {
            "author": "ryan@ryanmerrill.net",
            "package": "@fabric-msft/svg-icons",
            "commit": "3f892adedb9a02679a2337d2000a4a41c3a61614",
            "comment": "Updates icons\n\nAdded:\n- Azure AI Search / 20, 32 / Regular\n- Workbook / 20, 24, 32, 40, 48, 64 / Item\n- Google Cloud Platform (GCP) / 20, 24, 32\n- Oracle / 20, 24, 32\n- MongoDB / 20, 24, 32\n- Model Context Protocol (MCP) / 16, 20, 24, 32, 48\n- Columnpages / 12, 16, 20, 24 / Filled & Regular\n- Rowpages / 12, 16, 20, 24 / Filled & Regular\n- Mirrored Dataverse / 20, 24, 32, 40, 48, 64 / Item\n- Mirrored SAP / 20, 24, 32, 40, 48, 64 / Item\n- Mirrored Azure SQL Managed Instance / 20, 24, 32, 40, 48, 64 / Item\n- Anomaly detector / 20, 24, 32, 40, 48, 64 / Item\n- Business event topic / 20, 24, 32, 40, 48, 64 / Item\n- Maps / 20, 24, 32, 40, 48, 64 / Item\n- User-assigned identity / 20, 24, 32, 40, 48, 64 / Item\n- Audience / 20, 24, 32, 40, 48, 64 / Item\n\nFixed:\n- Regenerates and updates all SVGs to better optimize and improve performance"
          }
        ]
      }
    }
  ]
}
